{
  "project_info": {
    "project_number": "713628949156",
    "firebase_url": "https://ichat-ec941-default-rtdb.firebaseio.com",
    "project_id": "ichat-ec941",
    "storage_bucket": "ichat-ec941.firebasestorage.app"
  },
  "client": [
    {
      "client_info": {
        "mobilesdk_app_id": "1:713628949156:android:9519751753c1faa427a431",
        "android_client_info": {
          "package_name": "com.ibrahim.ichat"
        }
      },
      "oauth_client": [],
      "api_key": [
        {
          "current_key": "AIzaSyAOwstB4PF9BrWj4c75yMUxReLnY6-I4zo"
        }
      ],
      "services": {
        "appinvite_service": {
          "other_platform_oauth_client": []
        }
      }
    }
  ],
  "configuration_version": "1"
}